message-id,vendor-category,vendor-group,vendor-severity
4,System,Status,alert
5,Log,General,info
6,Log,E-Mail,info
10,Security Services,General,error
12,Log,E-Mail,warning
14,Security Services,Content Filter,error
16,Security Services,Content Filter,notice
22,Security Services,Attacks,alert
23,Security Services,Attacks,alert
24,Users,Authentication Access,info
25,Firewall Settings,Flood Protection,warning
27,Security Services,Attacks,alert
28,Network,IP,notice
29,Users,Authentication Access,info
30,Users,Authentication Access,alert
31,Users,Authentication Access,info
32,Users,Authentication Access,info
33,Users,Authentication Access,info
34,Users,Authentication Access,info
35,Users,Authentication Access,alert
36,Network,TCP,notice
37,Network,UDP,notice
38,Network,ICMP,notice
41,Network,Network Access,notice
43,VPN,VPN IPsec,debug
45,Network,ARP,debug
46,Network,Network Access,debug
48,Network,TCP,debug
53,System,Status,error
58,Network,Interfaces,error
61,VPN,VPN IPsec,error
63,Network,ICMP,debug
65,VPN,VPN IPsec,info
67,VPN,VPN IPsec,error
69,VPN,VPN IPsec,info
70,VPN,VPN IPsec,error
81,Security Services,Attacks,alert
82,Security Services,Attacks,alert
83,Security Services,Attacks,alert
84,Network,DNS,notice
87,VPN,VPN IKE,info
88,VPN,VPN IKE,warning
89,VPN,VPN IKE,info
93,System,Restart,error
94,System,Restart,error
95,System,Restart,error
96,System,GMS,info
97,Log,Syslog,info
98,Network,Network Access,info
99,Network,DHCP,Client,info
100,Network,DHCP Client,info
101,Network,DHCP Client,info
102,Network,DHCP Client,info
103,Network,DHCP Client,info
104,Network,DHCP Client,info
105,Network,DHCP Client,info
106,Network,DHCP Client,info
107,Network,DHCP Client,info
108,Network,DHCP Client,info
109,Network,DHCP Client,info
110,Network,DHCP Client,info
112,Network,DHCP Client,info
113,Network,DHCP Client,info
114,Network,DHCP Client,info
115,Network,DHCP Client,info
116,Network,DHCP Client,info
117,Network,DHCP Client,info
118,Network,DHCP Client,info
119,Network,DHCP Client,info
120,Network,DHCP Client,info
121,Network,DHCP Client,info
122,Network,DHCP Client,info
123,Security Services,Anti-Virus,info
124,Security Services,Anti-Virus,info
125,Security Services,Anti-Virus,warning
127,Network,PPPoE,info
128,Network,PPPoE,info
129,Network,PPPoE,info
130,Network,PPPoE,info
131,Network,PPPoE,info
132,Network,PPPoE,info
133,Network,PPPoE,info
134,Network,PPPoE,info
138,Network,Interfaces,warning
193,VPN,VPN Client,info
140,VPN,VPN Client,error
141,VPN,VPN Client,info
142,Log,General,error
144,High Availability,State,alert
145,High Availability,State,alert
146,High Availability,State,alert
147,High Availability,State,alert
148,High Availability,Synchonization,error
149,High Availability,Synchonization,error
150,High Availability,State,error
151,High Availability,State,error
153,High Availability,State,error
157,High Availability,Synchronization,info
158,High Availability,Synchronization,error
159,Security Services,Anti-Virus,warning
162,High Availability,Synchronization,info
164,System,Restart,error
165,Security Services,E-mail Filtering,alert
168,Network,PPPoE,info
169,Network,PPPoE,info
170,High Availability,State,error
171,VPN,VPN IKE,debug
173,Network,TCP,notice
174,Network,UDP,notice
175,Network,ICMP,notice
177,Security Services,Attacks,alert
178,Security Services,Attacks,alert
179,Security Services,Attacks,alert
181,Network,TCP,debug
182,Network,ICMP,info
188,Network,ICMP,info
191,HighAvailability,Synchronization,error
199,Users,Authentication Access,info
200,Users,Authentication Access,warning
201,Network,L2TP Client,info
202,Network,L2TP Client,info
204,Network,L2TP Client,info
205,Network,L2TP Client,info
206,Network,L2TP Client,info
207,Network,L2TP Client,info
208,Network,L2TP Client,info
210,Network,L2TP Client,info
211,Network,L2TP Client,info
212,Network,L2TP Client,info
215,Network,L2TP Client,info
217,Network,L2TP Client,info
222,VPN,DHCP Relay,info
223,VPN,DHCP Relay,info
224,VPN,DHCP Relay,info
225,VPN,DHCP Relay,info
226,VPN,DHCP Relay,info
227,VPN,DHCP Relay,info
228,VPN,DHCP Relay,warning
229,VPN,DHCP Relay,error
230,VPN,DHCP Relay,info
231,VPN,DHCP Relay,info
232,VPN,DHCP Relay,info
233,VPN,DHCP Relay,info
234,VPN,DHCP Relay,warning
235,Users,Authentication Access,info
236,Users,Authentication Access,info
237,Users,Authentication Access,info
238,Users,Authentication Access,info
239,VPN,VPN IKE,info
240,VPN,VPN IKE,info
241,VPN,VPN IKE,info
242,VPN,VPN IKE,info
243,Users,Radius Authentication,info
244,Users,Radius Authentication,warning
245,Users,Radius Authentication,warning
246,Users,Authentication Access,info
247,VPN,VPN IPsec,info
248,Security Services,E-mail Filtering,error
249,VPN,VPN IKE,warning
250,VPN,VPN IKE,warning
251,VPN,VPN IKE,warning
252,VPN,VPN IKE,warning
253,VPN,VPN IKE,warning
254,VPN,VPN IKE,warning
255,VPN,VPN IKE,warning
256,VPN,VPN IKE,warning
257,VPN,VPN IKE,warning
258,VPN,VPN IKE,warning
259,VPN,VPN IKE,warning
260,VPN,VPN IKE,warning
261,Users,Authentication Access,info
262,Users,Authentication Access,info
263,Users,Authentication Access,info
264,Users,Authentication Access,info
265,Users,Authentication Access,info
266,VPN,VPN IPsec,info
267,Security Services,Attacks,alert
269,VPN,VPN PKI,info
270,VPN,VPN PKI,info
271,VPN,VPN PKI,alert
272,VPN,VPN PKI,warning
273,VPN,VPN PKI,alert
274,VPN,VPN PKI,alert
275,VPN,VPN PKI,error
276,VPN,VPN PKI,alert
277,VPN,VPN PKI,alert
278,VPN,VPN PKI,alert
279,VPN,VPN PKI,alert
280,VPN,VPN PKI,alert
281,3G/4G Modem and Module,PPP Dial-Up,info
282,3G/4G Modem and Module,PPP Dial-Up,info
283,3G/4G Modem and Module,PPP Dial-Up,info
284,3G/4G Modem and Module,PPP Dial-Up,info
285,3G/4G Modem and Module,PPP Dial-Up,info
286,3G/4G Modem and Module,PPP Dial-Up,info
287,3G/4G Modem and Module,PPP Dial-Up,info
288,3G/4G Modem and Module,PPP Dial-Up,info
289,Network,PPP,info
290,Network,PPP,info
291,Network,PPP,info
292,Network,PPP,info
293,Network,PPP,info
294,Network,PPP,info
295,Network,PPP,info
299,3G/4G Modem and Module,PPP Dial-Up,info
300,3G/4G Modem and Module,PPP Dial-Up,info
301,3G/4G Modem and Module,PPP Dial-Up,info
302,3G/4G Modem and Module,PPP Dial-Up,info
303,3G/4G Modem and Module,PPP Dial-Up,info
306,3G/4G Modem and Module,PPP Dial-Up,info
307,Network,Fail Over and Load Balancing,warning
308,VPN,L2TP Server,info
309,VPN,L2TP Server,info
311,VPN,L2TP Server,info
312,VPN,L2TP Server,info
318,VPN,L2TP Server,info
319,VPN,L2TP Server,info
321,3G/4G Modem and Module,PPP Dial-Up,info
322,3G/4G Modem and Module,PPP Dial-Up,info
326,Network,Fail Over and Load Balancing,alert
327,3G/4G Modem and Module,PPP Dial-Up,info
328,Users,Authentication Access,info
329,Users,Authentication Accesse,rror
330,3G/4G Modem and Module,PPP Dial-Up,info
331,3G/4G Modem and Module,PPP Dial-Up,info
335,VPN,L2TP Server,info
336,VPN,L2TP Server,info
337,VPN,L2TP Server,info
338,VPN,L2TP Server,info
339,Network,NAT,debug
340,System,Administration,info
341,System,Administration,info
344,VPN,L2TP Server,info
346,VPN,VPN IKE,info
347,Network,Network Access,warning
348,VPN,VPN IPsec,warning
350,VPN,VPN IKE,info
351,VPN,VPN IKE,info
352,VPN,VPN IKE,info
353,VPN,VPN IKE,info
354,VPN,VPN IKE,info
355,VPN,VPN IKE,info
356,VPN,VPN IKE,info
357,VPN,VPN IKE,info
358,VPN,VPN IKE,info
360,Security Services,Crypto Test,error
361,Security Services,Crypto Test,error
362,Security Services,Crypto Test,error
363,Security Services,Crypto Test,error
364,Security Services,Crypto Test,error
365,Security Services,Crypto Test,error
366,Security Services,Crypto Test,error
367,Security Services,Crypto Test,info
368,Security Services,Crypto Test,info
369,Security Services,Crypto Test,info
371,VPN,VPN Client,info
372,VPN,VPN IKE,info
373,VPN,VPN IKE,info
375,Network,PPTP,info
376,Network,PPTP,info
378,Network,PPTP,info
379,Network,PPTP,info
380,Network,PPTP,info
381,Network,PPTP,info
382,Network,PPTP,info
384,Network,PPTP,info
385,Network,PPTP,info
388,Network,PPTP,info
389,Network,PPTP,info
390,Network,PPTP,info
392,Network,PPTP,info
393,Network,PPTP,info
396,Network,PPTP,info
398,Network,PPTP,info
399,Network,PPTP,info
400,Network,PPTP,info
401,VPN,VPN IKE,warning
402,VPN,VPN IKE,warning
403,VPN,VPN IKE,info
404,VPN,VPN IKE,warning
405,VPN,VPN IKE,warning
406,VPN,VPN IKE,warning
408,Security Services,Anti-Virus,info
409,VPN,VPN IKE,info
410,VPN,VPN IKE,info
411,VPN,VPN IKE,info
412,VPN,VPN IKE,info
413,VPN,VPN IKE,info
414,VPN,VPN IKE,info
415,VPN,VPN IKE,info
416,VPN,VPN IKE,info
419,Network,RIP,info
420,Network,RIP,info
421,Network,RIP,info
422,Network,RIP,info
427,VPN,VPN IPsec,info
428,Firewall Settings,Advanced,warning
429,Network,PPTP,info
430,Network,PPTP,info
431,Network,PPTP,info
432,Network,PPTP,info
433,Network,PPTP,info
434,Network,PPTP,info
435,Network,PPTP,alert
436,Network,PPTP,alert
437,Security Services,E-mail Filtering,error
438,Users,Authentication Access,info
439,Users,Authentication Access,info
440,Firewall,Access Rules,info
441,Firewall,Access Rules,info
442,Firewall,Access Rules,info
444,Network,PPTP,info
445,VPN,VPN IKE,info
446,Firewall Settings,FTP,error
448,VPN,VPN PKI,error
449,VPN,VPN PKI,error
450,VPN,VPN PKI,error
451,VPN,VPN PKI,error
452,VPN,VPN PKI,error
453,VPN,VPN PKI,error
454,VPN,VPN PKI,error
455,VPN,VPN PKI,error
456,VPN,VPN PKI,error
457,VPN,VPN PKI,error
458,VPN,VPN PKI,error
459,VPN,VPN PKI,error
460,VPN,VPN PKI,error
461,VPN,VPN PKI,error
462,VPN,VPN PKI,error
463,VPN,VPN PKI,error
464,VPN,VPN PKI,error
465,VPN,VPN PKI,error
466,VPN,VPN PKI,error
467,VPN,VPN PKI,error
468,VPN,VPN PKI,error
469,VPN,VPN PKI,error
470,VPN,VPN PKI,error
473,VPN,DHCP Relay,info
474,VPN,DHCP Relay,info
476,VPN,DHCP Relay,info
477,VPN,DHCP Relay,info
481,3G/4G Modem and Module,PPP Dial-Up,info
482,Security Services,Anti-Virus,warning
483,VPN,VPN IPsec,warning
484,VPN,DHCP Relay,warning
486,Users,Authentication Access,info
488,Wireless,Wireless Access,warning
491,Security Services,E-mail Filtering,warning
492,Security Services,E-mail Filtering,warning
493,Network,Interfaces,info
494,VPN,VPN Client,info
496,Security Services,General,warning
502,Network,Interfaces,info
505,VPN,VPN Client,error
506,VPN,Authentication Access,info
507,VPN,Authentication Access,info
508,VPN,Authentication Access,info
509,VPN,Authentication Access,info
518,Wireless,WLAN,info
520,Users,Authentication Access,info
521,System,Status,info
522,Network,IP,info
523,Network,ICMP,notice
524,Network,Network Access,notice
526,Network,Network Access,notice
527,Firewall Settings,FTP,alert
528,Firewall Settings,FTP,alert
529,VPN,VPN Client,info
533,VPN,VPN IPsec,notice
534,VPN,VPN IPsec,notice
535,VPN,VPN IPsec,debug
537,Network,Network Access,info
538,Firewall Settings,FTP,alert
542,3G/4G Modem and Module,PPP Dial-Up,info
543,VPN,VPN IKE,info
544,VPN,VPN IKE,info
545,VPN,VPN IKE,info
546,Wireless,WLAN IDS,alert
548,Wireless,WLAN IDS,alert
549,Users,Authentication Access,info
550,Users,Authentication Access,info
551,Users,Authentication Access,info
557,Users,Authentication Access,info
558,Users,Authentication Access,info
559,Users,Authentication Access,info
560,Users,Authentication Access,info
561,Users,Authentication Access,info
562,Users,Authentication Access,info
564,Users,Authentication Access,info
565,Network,Interfaces,alert
566,Network,Interfaces,alert
567,Network,Interfaces,info
568,Network,Interfaces,info
569,Network,Interfaces,info
570,Network,Interfaces,info
573,System,Settings,warning
574,System,Settings,warning
575,System,Hardware,error
576,System,Hardware,alert
577,System,Hardware,alert
578,System,Hardware,alert
579,System,Hardware,alert
580,Network,TCP,alert
581,Network,Fail Over and Load Balancing,warning
582,Network,Fail Over and Load Balancing,warning
583,Users,Authentication Access,error
584,Network,Fail Over and Load Balancing,alert
585,Network,Fail Over and Load Balancing,alert
586,Network,Fail Over and Load Balancing,alert
587,VPN,VPN IKE,warning
588,Network,DHCP Client,info
589,Network,DHCP Client,info
590,Network,Network Access,notice
591,3G/4G Modem and Module,PPP Dial-Up,error
592,3G/4G Modem and Module,PPP Dial-Up,error
593,Network,PPPoE,info
594,Network,PPPoE,info
595,Network,PPPoE,info
596,Network,PPTP,debug
597,Network,ICMP,info
598,Network,ICMP,info
599,System,Restart,error
600,System,Restart,error
601,System,Restart,error
602,Network,DNS,info
603,VPN,L2TP Server,error
605,VPN,VPN IKE,warning
606,Security Services,Attacks,alert
607,VPN,VPN IKE,info
608,Security Services,IPS,alert
609,Security Services,IPS,alert
610,Security Services,Crypto Test,error
614,Security Services,General,warning
615,Wireless,WLAN IDS,warning
616,VPN,VPN IKE,error
617,Wireless,WLAN,info
618,Network,BOOTP,debug
619,Network,BOOTP,info
620,Network,BOOTP,info
622,VoIP,Call,info
623,VoIP,Call,info
624,VoIP,H.323,debug
625,VoIP,H.323,debug
626,VoIP,H.323,debug
627,VoIP,H.323,debug
628,VoIP,H.323,debug
629,VoIP,H.323,debug
630,VoIP,H.323,debug
631,VoIP,H.323,debug
632,VoIP,H.323,debug
633,VoIP,H.323,debug
634,VoIP,H.323,debug
635,VoIP,H.323,debug
636,VoIP,H.323,debug
637,VoIP,SIP,debug
638,VoIP,SIP,debug
639,VoIP,SIP,warning
640,VoIP,H.323,debug
641,VoIP,H.323,debug
642,VoIP,H.323,debug
643,VoIP,SIP,debug
644,VoIP,SIP,debug
645,VoIP,SIP,warning
646,Firewall,Access Rules,alert
647,Firewall,Access Rules,alert
648,VPN,VPN IPsec,error
651,Network,IPComp,debug
652,Network,IPComp,notice
653,Network,IPComp,debug
654,Log,General,critical
655,Log,Syslog,critical
656,Log,E-Mail,warning
657,Log,Syslog,info
658,VPN,VPN IKE,warning
659,VPN,VPN Client,error
660,VPN,VPN Client,error
661,VPN,VPN IKE,error
662,Wireless,SonicPoint,error
665,3G/4G Modem and Module,PPP Dial-Up,info
666,3G/4G Modem and Module,PPP Dial-Up,info
667,Wireless,SonicPoint,info
668,High Availability,State,info
669,High Availability,State,error
670,High Availability,General,error
671,High Availability,State,error
672,High Availability,State,error
674,High Availability,Monitoring,info
675,High Availability,Monitoring,error
676,Firewall Settings,Multicast,info
677,Firewall Settings,Multicast,info
682,Firewall Settings,Multicast,info
683,Firewall Settings,Multicast,notice
690,Firewall Settings,Multicast,notice
694,Firewall Settings,Multicast,warning
701,Firewall Settings,Multicast,debug
706,Network,Network Monitor,alert
707,Network,Network Monitor,alert
708,Network,TCP,debug
709,Network,TCP,debug
710,Network,TCP,debug
713,Network,TCP,debug
714,Network,Network Access,notice
719,VPN,VPN IPsec,error
720,Network,PPPoE,info
721,Network,PPPoE,info
722,Network,PPPoE,info
723,Network,PPPoE,info
724,Wireless,Wireless Access,info
725,Wireless,Wireless Access,info
726,Wireless,Wireless Access,info
727,Wireless,SonicPoint,info
728,Users,Authentication Access,info
729,Users,Authentication Access,info
732,Wireless,WLAN,warning
733,SSLVPN,General,info
734,Firewall,Access Rules,info
735,Firewall,Access Rules,info
737,Log,E-mail,warning
738,Network,PPPoE,info
744,Users,Radius Authentication,warning
745,Users,Radius Authentication,info
746,Users,Radius Authentication,warning
747,Users,Radius Authentication,warning
748,Users,Radius Authentication,warning
749,Users,Radius Authentication,warning
750,Users,Radius Authentication,warning
751,Users,Radius Authentication,warning
752,Users,Radius Authentication,warning
753,Users,Radius Authentication,warning
754,Users,Radius Authentication,warning
755,Users,Radius Authentication,warning
756,Users,Radius Authentication,warning
757,Users,Radius Authentication,warning
758,Users,Radius Authentication,warning
759,Users,Authentication Access,info
760,Network,TCP,notice
766,Security Services,General,warning
773,Network,Dynamic DNS,error
774,Network,Dynamic DNS,error
776,Network,Dynamic DNS,info
777,Network,Dynamic DNS,warning
778,Network,Dynamic DNS,info
779,Network,Dynamic DNS,info
780,Network,Dynamic DNS,info
781,Network,Dynamic DNS,info
782,Network,Dynamic DNS,info
783,Network,Dynamic DNS,info
785,Network,Dynamic DNS,info
786,Network,Dynamic DNS,info
789,Security Services,IDP,alert
790,Security Services,IDP,alert
791,Firewall,Application Firewall,info
793,Security Services,Anti-Spyware,alert
794,Security Services,Anti-Spyware,alert
795,Security Services,Anti-Spyware,alert
796,Security Services,Anti-Spyware,warning
797,Security Services,RBL-Filter,notice
798,Security Services,RBL-Filter,notice
799,Security Services,RBL-Filter,notice
800,Security Services,RBL-Filter,error
805,System,GMS,info
806,System,GMS,info
809,Security Services,GAV,alert
810,Security Services,GAV,warning
811,3G/4G Modem and Module,PPP Dial-Up,info
815,Network,ARP,warning
817,Users,Authentication Access,info
818,Users,Authentication Access,info
819,Users,Authentication Access,info
820,Users,Authentication Access,info
821,Users,Authentication Access,info
822,Users,Authentication Access,info
824,High Availability,General,error
825,High Availability,State,info
826,High Availability,State,error
829,High Availability,State,alert
830,High Availability,State,notice
832,Network,DHCP Server,info
833,Network,DHCP Server,warning
834,Network,DHCP Server,warning
835,Network,DHCP Server,info
840,Network,Advanced Routing,info
841,Network,Advanced Routing,notice
842,Network,Advanced Routing,debug
843,Network,Advanced Routing,info
844,Network,Advanced Routing,debug
845,Network,Advanced Routing,info
846,Network,Advanced Routing,debug
847,Network,Interfaces,warning
848,VPN,VPN PKI,info
849,VPN,VPN PKI,error
850,VPN,VPN PKI,info
852,VPN,VPN PKI,info
853,VPN,VPN PKI,error
854,VPN,VPN PKI,error
856,Firewall Settings,Flood Protection,warning
857,Firewall Settings,Flood Protection,warning
858,Firewall Settings,Flood Protection,warning
859,Firewall Settings,Flood Protection,alert
860,Firewall Settings,Flood Protection,alert
861,Firewall Settings,Flood Protection,alert
862,Firewall Settings,Flood Protection,warning
863,Firewall Settings,Flood Protection,warning
864,Firewall Settings,Flood Protection,alert
865,Firewall Settings,Flood Protection,alert
866,Firewall Settings,Flood Protection,warning
867,Firewall Settings,Flood Protection,alert
868,Firewall Settings,Flood Protection,warning
869,Firewall Settings,Flood Protection,debug
872,Security Services,General,notice
874,VPN,VPN PKI,alert
875,VPN,VPN PKI,alert
876,VPN,VPN PKI,alert
877,VPN,VPN PKI,alert
878,VPN,VPN PKI,alert
879,Wireless,RF Monitoring,warning
880,Network,Dynamic Address Objects,info
881,System,Time,notice
882,Network,Network Access,debug
883,Firewall Settings,Checksum Enforcement,notice
884,Firewall Settings,Checksum Enforcement,notice
885,Firewall Settings,Checksum Enforcement,notice
886,Firewall Settings,Checksum Enforcement,notice
887,Network,TCP,debug
888,Network,TCP,debug
889,Network,TCP,debug
890,Network,TCP,debug
891,Network,TCP,debug
892,Network,TCP,info
893,Network,TCP,debug
894,Network,TCP,debug
895,Network,TCP,debug
896,Network,TCP,debug
897,Firewall Settings,Flood Protection,info
898,Firewall Settings,Flood Protection,alert
899,Firewall Settings,Flood Protection,warning
900,Firewall Settings,Flood Protection,alert
901,Firewall Settings,Flood Protection,alert
902,Firewall Settings,Flood Protection,warning
903,Firewall Settings,Flood Protection,alert
904,Firewall Settings,Flood Protection,alert
905,Firewall Settings,Flood Protection,alert
906,Firewall Settings,Flood Protection,alert
907,Firewall Settings,Flood Protection,alert
908,Firewall Settings,Flood Protection,warning
909,Firewall Settings,Flood Protection,warning
910,Network,IP,warning
911,Network,Dynamic Address Objects,info
912,Network,Dynamic Address Objects,info
913,VPN,VPN IKE,warning
914,VPN,VPN IKE,warning
915,VPN,VPN IKE,warning
916,VPN,VPN IKE,warning
917,VPN,VPN IKE,warning
918,VPN,VPN IKE,warning
919,VPN,VPN IKE,warning
920,VPN,VPN IKE,warning
921,VPN,VPN IKE,warning
922,VPN,VPN IKE,warning
923,VPN,VPN IKE,warning
924,VPN,VPN IKE,warning
925,VPN,VPN IKE,warning
926,VPN,VPN IKE,warning
927,VPN,VPN IKE,warning
928,VPN,VPN IKE,warning
930,VPN,VPN IKE,info
931,VPN,VPN IKE,info
932,VPN,VPN IKE,warning
933,VPN,VPN IKE,warning
934,VPN,VPN IKE,warning
935,VPN,VPN IKE,warning
936,VPN,VPN IKE,warning
937,VPN,VPN IKE,warning
938,VPN,VPN IKEv2,info
939,VPN,VPN IKEv2,info
940,VPN,VPN IKEv2,info
941,VPN,VPN IKEv2,info
942,VPN,VPN IKEv2,info
943,VPN,VPN IKEv2,info
944,VPN,VPN IKEv2,info
945,VPN,VPN IKEv2,info
946,VPN,VPN IKEv2,info
947,VPN,VPN IKEv2,info
948,VPN,VPN IKEv2,info
949,VPN,VPN IKEv2,info
950,VPN,VPN IKEv2,info
951,VPN,VPN IKEv2,info
952,VPN,VPN IKEv2,info
953,VPN,VPN IKEv2,warning
954,VPN,VPN IKEv2,warning
955,VPN,VPN IKEv2,warning
956,VPN,VPN IKEv2,warning
957,VPN,VPN IKEv2,warning
958,VPN,VPN IKEv2,warning
959,VPN,VPN IKEv2,warning
960,VPN,VPN IKEv2,warning
961,VPN,VPN IKEv2,warning
962,VPN,VPN IKEv2,error
963,VPN,VPN IKEv2,warning
964,VPN,VPN IKEv2,warning
965,VPN,VPN IKE,error
966,VPN,VPN IKEv2,warning
967,VPN,VPN IKEv2,warning
968,VPN,VPN IKEv2,warning
969,VPN,VPN IKEv2,warning
970,VPN,VPN IKEv2,warning
971,VPN,VPN IKEv2,warning
972,VPN,VPN IKEv2,info
973,VPN,VPN IKEv2,info
974,VPN,VPN IKEv2,info
975,VPN,VPN IKEv2,info
976,VPN,VPN IKEv2,info
977,VPN,VPN IKEv2,info
978,VPN,VPN IKEv2,info
979,VPN,VPN IKEv2,error
980,VPN,VPN IKEv2,warning
981,VPN,VPN IKEv2,warning
982,VPN,VPN IKEv2,info
983,VPN,VPN IKEv2,warning
984,VPN,VPN IKEv2,info
985,VPN,VPN IKEv2,info
986,Users,Authentication Access,info
987,Users,Authentication Access,info
988,Users,SSO Agent Authentication,info
989,Users,SSO Agent Authentication,info
990,Users,SSO Agent Authentication,info
991,Users,SSO Agent Authentication,info
992,Users,SSO Agent Authentication,info
993,Users,SSO Agent Authentication,info
994,Users,Authentication Access,info
995,Users,Authentication Access,info
996,Users,Authentication Access,info
997,Users,Authentication Access,info
998,Users,Authentication Access,info
999,Firewall Settings,SSL Control,info
1000,Firewall Settings,SSL Control,info
1001,Firewall Settings,SSL Control,info
1002,Firewall Settings,SSL Control,info
1003,Firewall Settings,SSL Control,info
1004,Firewall Settings,SSL Control,info
1005,Firewall Settings,SSL Control,info
1006,Firewall Settings,SSL Control,info
1008,Users,Authentication Access,info
1009,Users,Radius Authentication,error
1010,Users,Radius Authentication,alert
1011,Users,Radius Authentication,warning
1012,VPN,VPN IKEv2,info
1013,VPN,VPN IKEv2,info
1014,VPN,VPN IKEv2,info
1015,VPN,VPN IKEv2,info
1016,VPN,VPN IKEv2,info
1017,3G/4G Modem and Module,3G/4G Modem and Module,info
1018,Network,PPP,info
1019,3G/4G Modem and Module,PPP Dial-Up,info
1020,3G/4G Modem and Module,PPP Dial-Up,info
1021,3G/4G Modem and Module,PPP Dial-Up,info
1022,3G/4G Modem and Module,PPP Dial-Up,info
1023,3G/4G Modem and Module,PPP Dial-Up,info
1024,3G/4G Modem and Module,PPP Dial-Up,error
1026,3G/4G Modem and Module,PPP Dial-Up,alert
1027,3G/4G Modem and Module,PPP Dial-Up,alert
1028,3G/4G Modem and Module,PPP Dial-Up,alert
1029,Network,TCP,debug
1030,Network,TCP,debug
1031,Network,TCP,debug
1033,Users,Authentication Access,warning
1035,Users,Authentication Access,info
1036,VPN,VPN IKE,error
1037,3G/4G Modem and Module,PPP Dial-Up,info
1038,3G/4G Modem and Module,PPP Dial-Up,info
1039,3G/4G Modem and Module,PPP Dial-Up,info
1040,Network,DHCP Server,alert
1041,Network,DHCP Server,alert
1043,System,Hardware,error
1044,High Availability,State,info
1046,System,Restart,info
1047,System,Restart,info
1048,Users,Authentication Access,info
1049,System,Settings,info
1050,VPN,VPN IPsec,info
1051,VPN,VPN IPsec,info
1052,VPN,VPN IPsec,info
1053,3G/4G Modem and Module,3G/4G Modem and Module,alert
1054,3G/4G Modem and Module,3G/4G Modem and Module,alert
1055,3G/4G Modem and Module,3G/4G Modem and Module,alert
1058,High Availability,State,info
1059,High Availability,State,info
1060,Security Services,Crypto Test,error
1065,System,Settings,info
1066,System,Settings,info
1068,Network,DHCP Server,warning
1070,Network,DNS,info
1071,Network,DHCP Server,critical
1072,Network,DHCP Server,critical
1073,Users,SSO Agent Authenticatio,nwarning
1074,Network,L2TP Client,info
1075,Users,SSO Agent Authentication,alert
1076,Users,SSO Agent Authentication,alert
1077,Wireless,SonicPoint/SonicWave,info
1078,Wireless,SonicPoint/SonicWave,info
1079,SSL VPN,General,info
1080,Users,Authentication Access,info
1081,Firewall Settings,SSL Control,info
1082,Anti-Spam,Probe,warning
1083,Anti-Spam,Probe,warning
1084,Anti-Spam,General,info
1085,Anti-Spam,General,info
1086,Anti-Spam,General,warning
1087,Anti-Spam,E-mail,warning
1088,Anti-Spam,General,warning
1089,Anti-Spam,General,warning
1090,Network,DHCP Server,notice
1091,Anti-Spam,GRID,notice
1092,Anti-Spam,GRID,notice
1093,Anti-Spam,GRID,notice
1094,Anti-Spam,GRID,error
1095,Anti-Spam,E-mail,info
1097,VPN,VPN PKI,notice
1098,Network,DNS,alert
1099,Network,DNS,alert
1100,Network,Network Monitor,alert
1101,Network,Network Monitor,alert
1102,Network,Network Monitor,alert
1103,Network,Network Monitor,alert
1104,Network,Network Monitor,info
1105,Network,Network Monitor,info
1106,Network,Network Monitor,info
1107,System,Status,alert
1108,Anti-Spam,E-mail,info
1109,VPN,VPN PKI,info
1110,Network,DHCP Server,info
1111,Network,DHCP Server,info
1112,Firewall Settings,FTP,debug
1113,Firewall Settings,FTP,debug
1114,Firewall Settings,FTP,debug
1115,Firewall Settings,FTP,debug
1116,Firewall Settings,FTP,debug
1117,Users,Authentication Access,warning
1118,Users,Authentication Access,info
1119,Users,Authentication Access,info
1120,Users,Authentication Access,warning
1121,Users,Authentication Access,warning
1122,Users,Authentication Access,warning
1123,Users,Authentication Access,warning
1124,Users,Authentication Access,info
1125,High,Availability,General,info
1126,High Availability,Monitoring,error
1127,VPN,VPN IKE,warning
1128,VPN,VPN IKE,debug
1131,Anti-Spam,Probe,debug
1132,Anti-Spam,Probe,info
1133,Network,PPPoE,info
1134,Network,PPTP,info
1135,Network,L2TP Client,debug
1138,Anti-Spam,GRID,debug
1139,Anti-Spam,GRID,debug
1140,Anti-Spam,GRID,debug
1141,Anti-Spam,GRID,debug
1142,Anti-Spam,General,debug
1143,Anti-Spam,GRID,debug
1144,Anti-Spam,GRID,debug
1145,Anti-Spam,GRID,debug
1146,Anti-Spam,General,debug
1147,Anti-Spam,General,debug
1148,Network,Interfaces,info
1149,High Availability,Cluster,warning
1150,Users,SSO Agent Authentication,alert
1151,Users,SSO Agent Authentication,alert
1152,High Availability,Cluster,error
1153,SSL VPN,General,info
1154,Firewall,Application Control,alert
1155,Firewall,Application Control,alert
1156,Network,General,error
1157,Users,Authentication Access,info
1158,Users,Authentication Access,info
1159,Security Services,General,warning
1160,System,Settings,debug
1161,System,Settings,debug
1162,High Availability,Synchronization,alert
1163,3G/4G Modem and Module,E1-T1 Module,info
1164,3G/4G Modem and Module,E1-T1 Module,info
1165,3G/4G Modem and Module,E1-T1 Module,info
1166,3G/4G Modem and Module,E1-T1 Module,info
1167,3G/4G Modem and Module,E1-T1 Module,info
1168,3G/4G Modem and Module,E1-T1 Module,info
1169,WAN Acceleration,Local WXA Appliance,info
1170,WAN Acceleration,Local WXA Appliance,alert
1171,WAN Acceleration,Local WXA Appliance,alert
1172,WAN Acceleration,Local WXA Appliance,alert
1173,WAN Acceleration,Local WXA Appliance,alert
1174,WAN Acceleration,Remote WXA,Appliance,warning
1175,WAN Acceleration,Remote WXA,Appliance,warning
1176,WAN Acceleration,Remote WXA,Appliance,warning
1177,Network,DNS,alert
1178,Users,SSO Agent Authentication,alert
1179,Users,SSO Agent Authentication,alert
1180,Firewall Settings,Flood protection,alert
1181,Firewall Settings,Flood protection,warning
1182,Firewall Settings,Flood protection,alert
1183,VPN,VPN IKE,debug
1184,Network,DHCP Server,warning
1185,3G/4G Modem and Module,DSL Module,alert
1186,3G/4G Modem and Module,DSL Module,alert
1187,3G/4G Modem and Module,DSL Module,alert
1188,3G/4G Modem and Module,DSL Module,alert
1189,VPN,VPN IKE,warning
1190,Users,Radius Authentication,info
1191,Users,Radius Authentication,info
1192,Users,Radius Authentication,info
1193,Users,Radius Authentication,info
1194,High Availability,Monitoring,error
1195,Security Services,Botnet Filter,warning
1196,System,Status,alert
1197,Network,NAT,notice
1198,Security Services,Geo-IP-Filter,alert
1199,Security Services,Geo-IP-Filter,alert
1200,Security Services,Botnet Filter,alert
1201,Security Services,Botnet Filter,alert
1202,Users,Authentication Access,info
1203,Users,Authentication Access,warning
1204,Users,Authentication Access,error
1205,High Availability,State,alert
1206,High Availability,State,alert
1207,High Availability,State,info
1208,High Availability,State,info
1209,Network,MAC-IP Anti-Spoof,alert
1210,Network,MAC-IP Anti-Spoof,alert
1211,Network,MAC-IP Anti-Spoof,alert
1212,Network,MAC-IP Anti-Spoof,alert
1213,Firewall Settings,Flood protection,alert
1214,Firewall Settings,Flood protection,alert
1215,VPN,DHCP Relay,info
1216,VPN,VPN IKE,debug
1217,VPN,VPN IKE,debug
1218,VPN,VPN IKE,info
1219,VPN,VPN IKE,info
1220,System,SNMP,warning
1221,System,SNMP,warning
1222,System,SNMP,warning
1223,System,SNMP,warning
1225,System,SNMP,info
1226,Network,Network Access,info
1227,Users,Authentication Access,info
1229,Wireless,Wireless Access,warning
1230,System,Time,notice
1231,System,Time,notice
1232,System,Time,notice
1233,Firewall Settings,Multicast,notice
1235,Network,Network Access,info
1236,Security Services,RBL Filter,debug
1237,Security Services,RBL Filter,debug
1238,Security Services,RBL Filter,debug
1239,Security Services,RBL Filter,debug
1240,VoIP,Anomaly,info
1241,VoIP,Anomaly,warning
1242,VoIP,Anomaly,warning
1243,Users,Authentication Access,info
1244,Users,Radius Authentication,warning
1245,Users,Radius Authentication,warning
1246,Users,Radius Authentication,warning
1252,VPN,VPN IKEi,nfo
1253,Network,IPv6 Tunneling,notice
1254,Network,ICMP,notice
1255,Network,ICMP,info
1256,Network,ICMP,info
1257,Network,ICMP,notice
1258,Network,Network Access,debug
1259,Network,DHCPv6 Server,warning
1260,Network,DHCPv6 Server,warning
1261,Network,DHCPv6 Server,info
1263,System,AppFlow,info
1264,WAN Acceleration,Remote WXA,Appliance,warning
1265,Wireless,SonicPoint,warning
1266,Wireless,SonicPoint,info
1267,VPN,VPN IPsec,debug
1268,System,Settings,notice
1269,System,Settings,notice
1270,Security Services,Crypto Test,info
1271,Security Services,Crypto Test,info
1272,Security Services,Crypto Test,info
1273,Security Services,Crypto Test,info
1274,Security Services,Crypto Test,info
1275,Security Services,Crypto Test,info
1276,Security Services,Crypto Test,info
1277,Security Services,Crypto Test,info
1278,Security Services,Crypto Test,error
1279,Security Services,Crypto Test,info
1280,Security Services,Crypto Test,info
1281,Security Services,Crypto Test,error
1282,Security Services,Crypto Test,info
1283,Security Services,Crypto Test,error
1284,Security Services,Crypto Test,info
1285,Security Services,Crypto Test,info
1286,Security Services,Crypto Test,info
1287,Security Services,Crypto Test,error
1288,Security Services,Crypto Test,info
1289,Security Services,Crypto Test,info
1290,Security Services,Crypto Test,info
1299,Security Services,Crypto Test,alert
1300,Security Services,Crypto Test,alert
1301,Network,IP,alert
1302,Network,IP,alert
1303,Network,IP,alert
1304,Network,Network Access,alert
1305,VPN,VPN IKE,warning
1306,VPN,VPN IKE,warning
1307,VPN,VPN IKE,warning
1308,VPN,VPN IKE,warning
1309,High Availability,General,warning
1310,High Availability,General,info
1311,Network,DHCP Server,notice
1312,VPN,VPN IKEv2,info
1313,Network,NAT Policy,info
1314,Network,NAT Policy,info
1315,Network,NAT Policy,info
1316,Network,ARP,alert
1324,VPN,VPN IKEv2,info
1325,VPN,VPN IKEv2,info
1326,VPN,VPN IKEv2,info
1327,VPN,VPN IKEv2,info
1328,VPN,VPN IKEv2,info
1329,VPN,VPN IKEv2,info
1330,VPN,VPN IKEv2,info
1331,VPN,VPN IKEv2,info
1332,System,Status,alert
1333,Users,Authentication Access,info
1334,Users,Authentication Access,info
1335,Users,Authentication Access,info
1336,System,Settings,info
1337,System,Settings,info
1338,System,Settings,info
1339,System,Settings,info
1340,System,Settings,info
1341,Users,Authentication Access,info
1342,Users,Authentication Access,info
1343,VPN,VPN IPsec,info
1344,Network,Interfaces,info
1345,Security Services,Crypto Test,info
1346,Security Services,Crypto Test,error
1347,Security Services,Crypto Test,info
1348,Security Services,Crypto Test,error
1349,Security Services,Crypto Test,info
1350,Security Services,Crypto Test,error
1351,Security Services,Crypto Test,info
1352,Security Services,Crypto Test,error
1353,Security Services,Crypto Test,info
1354,Security Services,Crypto Test,error
1355,Security Services,Crypto Test,info
1356,Security Services,Crypto Test,error
1357,Security Services,Crypto Test,info
1358,Security Services,Crypto Test,error
1359,Security Services,Crypto Test,info
1360,Security Services,Crypto Test,error
1361,Security Services,Crypto Test,info
1362,Security Services,Crypto Test,error
1363,Wireless,WLAN,alert
1364,VPN,VPN PKI,alert
1365,Security Services,DPI-SSL,notice
1366,Firewall Settings,Flood protection,alert
1367,Firewall Settings,Flood protection,warning
1368,Firewall Settings,Flood protection,alert
1369,Firewall Settings,Flood protection,alert
1370,Firewall Settings,Flood protection,alert
1371,Firewall Settings,Flood protection,warning
1372,Users,Radius Authentication,warning
1373,Security Services,Attacks,alert
1374,Security Services,Attacks,alert
1375,Security Services,Attacks,alert
1376,Security Services,Attacks,alert
1377,Anti-Spam,General,alert
1378,Anti-Spam,General,alert
1379,WAN Acceleration,Local WXA Appliance,warning
1380,WAN Acceleration,Local WXA Appliance,info
1381,Security Services,General,warning
1382,Log,Configuration Auditing,info
1383,Log,Configuration Auditing,info
1384,Network,TCP,debug
1385,Network,TCP,debug
1387,Security Services,Attacks,alert
1388,VPN,VPN IPsec,debug
1389,Security Services,ClientCF,info
1390,Security Services,ClientCF,info
1391,Security Services,ClientCF,alert
1392,System,Restart,alert
1393,System,Restart,alert
1394,WAN Acceleration,Local WXA Appliance,error
1395,WAN Acceleration,Local WXA Appliance,warning
1396,WAN Acceleration,Local WXA Appliance,notice
1397,WAN Acceleration,Local WXA Appliance,notice
1398,WAN Acceleration,Local WXA Appliance,notice
1399,WAN Acceleration,Local WXA Appliance,notice
1400,WAN Acceleration,Local WXA Appliance,alert
1401,WAN Acceleration,Local WXA Appliance,warning
1402,WAN Acceleration,Local WXA Appliance,error
1403,WAN Acceleration,Local WXA Appliance,info
1404,WAN Acceleration,Local WXA Appliance,info
1405,WAN Acceleration,Local WXA Appliance,warning
1406,Network,DHCPv6 Client,info
1407,Network,DHCPv6 Client,debug
1408,Network,DHCPv6 Client,debug
1409,Network,DHCPv6 Client,debug
1410,Network,DHCPv6 Client,debug
1411,Network,DHCPv6 Client,debug
1412,Network,DHCPv6 Client,info
1413,Network,DHCPv6 Client,info
1414,Network,DHCPv6 Client,info
1415,Network,DHCPv6 Server,info
1416,Network,DHCPv6 Server,info
1417,Network,DHCPv6 Server,warning
1418,Network,DHCPv6 Server,info
1419,Network,DHCPv6 Server,info
1420,Network,DHCPv6 Server,debug
1421,Network,DHCPv6 Server,debug
1422,Network,Interfaces,warning
1423,Network,Interfaces,warning
1424,Security Services,DPI-SSL,alert
1426,Wireless, SonicPoint/SonicWave,info
1428,SSL VPN,General,info
1429,Network,IP,alert
1430,Network,IP,info
1431,Network,ICMP,info
1432,System,Settings,info
1433,Network,ICMP,notice
1434,Network,Interfaces,notice
1435,Network,Interfaces,error
1436,Network,NAT,info
1437,Network,Default Address Objects,warning
1438,VPN,VPN PKI,notice
1439,VPN,VPN PKI,notice
1440,VPN,VPN PKI,notice
1441,VPN,VPN PKI,notice
1442,System,Hardware,alert
1443,Firewall Settings,Advanced Routing,warning
1444,High Availability,State,error
1445,WAN Acceleration,Local WXA Appliance,warning
1446,Network,DHCP Server,notice
1447,Network,UDP,notice
1448,Firewall Settings,Checksum Enforcement,notice
1449,Firewall Settings,Checksum Enforcement,notice
1450,Firewall Settings,Flood protection,alert
1451,Firewall Settings,Flood protection,alert
1452,Firewall Settings,Flood protection,alert
1453,Network,Network Access,info
1454,Network,Network Access,info
1455,Network,Network Access,info
1456,Network,Network Access,info
1457,Network,Network Access,info
1458,Network,ICMP,notice
1459,Security Services,GAV,info
1460,Security Services,GAV,info
1461,Security Services,Content Filter,notice
1462,Security Services,GAV,info
1463,Security Services,DPI-SSL,info
1471,Security Services,Attacks,alert
1472,Log,General,info
1473,Firewall Settings,Advanced,warning
1474,Security Services,Geo-IP-Filter,alert
1475,Security Services,Geo-IP-Filter,alert
1476,Security Services,Botnet Filter,alert
1477,Security Services,Botnet Filter,alert
1478,System,Multicast,info
1479,System,Vendor Name Resolution,info
1480,Network,DNS,info
1481,Network,DNS Proxy,info
1482,Network,DNS Proxy,info
1483,Network,DNS Proxy,info
1484,Network,DNS Proxy,info
1485,Network,DNS Proxy,info
1486,Network,DNS Proxy,info
1487,Network,DNS Proxy,info
1490,Network,Network Access,notice
1491,Network,Network Access,notice
1492,Security Services,Crypto Test,info
1493,Security Services,Crypto Test,error
1494,System,Settings,info
1495,System,Status,info
1496,System,Status,info
1497,Network,Network Access,info
1498,3G/4G Modem and Module,3G/4G Modem,info
1499,3G/4G Modem and Module,3G/4G Modem,info
1500,3G/4G Modem and Module,3G/4G Modem,info
1501,3G/4G Modem and Module,3G/4G Modem,info
1502,3G/4G Modem and Module,3G/4G Modem,info
1503,3G/4G Modem and Module,3G/4G Modem,info
1504,3G/4G Modem and Module,3G/4G Modem,info
1505,3G/4G Modem and Module,3G/4G Modem,info
1506,Wireless,WLAN,info
1507,Network,IPv6MAC-IPAnti-Spoof,alert
1508,Network,IPv6MAC-IPAnti-Spoof,alert
1509,Network,IPv6MAC-IPAnti-Spoof,alert
1510,Network,IPv6MAC-IPAnti-Spoof,alert
1511,System,Cloud Backup,info
1512,System,Cloud Backup,info
1513,System,Cloud Backup,info
1514,System,Cloud Backup,info
1515,System,Cloud Backup,info
1516,System,Cloud Backup,info
1517,Users,Authentication Access,info
1518,Security Services,Botnet Filter,alert
1519,Security Services,Botnet Filter,alert
1520,System,Settings,info
1521,System,Settings,info
1522,Wireless,SonicPoint/SonicWave,info
1523,VPN,VPN PKI,info
1524,Wireless,SonicPoint/SonicWave,alert
1525,Wireless,SonicPoint/SonicWave,info
1526,Wireless,SonicPoint/SonicWave,info
1527,Security Services,Crypto Test,error
1528,Security Services,Crypto Test,info
1532,Security Services,DPI-SSH,alert
1533,Security Services,DPI-SSH,info
1534,Security Services,DPI-SSH,alert
1535,Network,DNS,notice
1536,Network,DNS,info
1537,Network,DNS,info
1538,Network,DNS,info
1539,System,Global Search,debug
1540,System,Global Search,info
1541,System,Global Search,info
1542,Security Services,Crypto Test,info
1543,Security Services,Crypto Test,error
1544,System,Storage Module,warning
1545,System,Storage Module,info
1547,VPN,VPN IPsec,info
1549,Network,DNS Security,info
1550,Network,DNS Security,info
1551,Wireless,WLAN,info
1552,Users,Tacacs Authentication,info
1553,Users,Tacacs Authentication,warning
1554,Users,Tacacs Authentication,warning
1555,Users,Tacacs Authentication,warning
1556,Users,Tacacs Authentication,warning
1557,Users,Tacacs Authentication,info
1558,Log,General,error
1559,Security Services,Next-Gen Anti-Virus,info
1560,Security Services,Next-Gen Anti-Virus,info
1561,Security Services,Next-Gen Anti-Virus,warning
1562,Security Services,Next-Gen Anti-Virus,warning
1563,Security Services,DPI-SSL Enforcement,info
1564,Security Services,DPI-SSL Enforcement,warning
1565,System,Settings,info
1566,System,Settings,info
1567,System,Settings,info
1568,System,Settings,info
1569,Network,SFP,info
1570,Users,Authentication Access,error
1571,Users,Authentication Access,error
1573,Firewall Settings,Advanced,info
1574,Firewall,Application Control,info
1575,Security Services,DPI-SSL,warning
1576,Firewall Settings,Advanced,warning
1585,Users,Authentication Access,info
1586,SD-WAN,Path Selection Profiles,alert
1587,SD-WAN,Path Selection Profiles,alert
1588,SD-WAN,Path Selection Profiles,info
1589,SD-WAN,Path Selection Profiles,alert
1590,Network,Network Access,info
1591,Network,Advanced Routing,info
1592,Network,Advanced Routing,debug
1593,Network,DNS Security,info
1594,Network,DNS Security,info
1595,Wireless,SonicPoint/SonicWave,warning
1596,Wireless,SonicPoint/SonicWave,info
1597,Network,PoE,info
1598,Wireless,WLAN,info
1599,Security Services,Content Filter,info
1600,Security Services,Content Filter,info
1601,Security Services,Content Filter,info
1602,System,API,info
1603,System,API,info
1604,System,API,info
1605,Log,FTP,info
1606,Log,FTP,warning
1607,Log,FTP,warning
1608,SD-WAN,Performance Probes,info
1609,SD-WAN,Performance Probes,info
1610,SD-WAN,Performance Probes,info
1611,SD-WAN,Performance Class Objects,info
1612,SD-WAN,Performance Class Objects,info
1613,SD-WAN,Performance Class Objects,info
1614,SD-WAN,Performance Class Objects,info
1615,SD-WAN,Path Selection Profiles,info
1616,SD-WAN,Path Selection Profiles,info
1617,SD-WAN,Path Selection Profiles,info
1618,SD-WAN,SD-WAN Route,info
1619,SD-WAN,SD-WAN Route,info
1620,SD-WAN,SD-WAN Route,info
1621,SD-WAN,SD-WAN Groups,info
1622,SD-WAN,SD-WAN Groups,info
1623,SD-WAN,SD-WAN Groups,info
1624,SD-WAN,SD-WAN Groups,info
1625,SD-WAN,SD-WAN Groups,info
1626,SD-WAN,SD-WAN Groups,info
